Type,Name
Dog,Widget
Dog,Stella Bo Bella
Cat,Meryl Streep
Dog,Tilly
Cat,Pumpkin
Dog,Peter Peter Pumpkin Eater
Cat,Jacques
Dog,Remy
Dog,Oreo
Dog,Ljus  (Swedish word for light)
Dog,Bambi
Cat,Marie Curie
Cat,Clarence
Dog,Layla ‘The Tank’
Cat,Amber
Dog,Benny and the Jets
Dog,Milo 
Dog,Mocha
Dog,Shadow 
Cat,Little Bit
Dog,Luna
Cat,Garrison
Dog,Cody
Cat,Zoey
Dog,Oatmeal
Cat,Lucy
Dog,Starbuck Louise
Dog,Mocha Antoinette
Cat,Serena
Cat,Maxine Waters
Dog,Magnolia Mae
Dog,George Cooper
Dog,Cayenne
Cat,Pip
Dog,Olive Oil
Dog,Brook
Dog,Sparkie
Dog,Max
Cat,Samantha Bee
dog,Ella Fitzgerald
Cat,Chanel
Dog,Josephine Bakes
Dog,Lennie
Cat,Obsidian Jazz Paws
Cat,Scotty 
Cat,Macallan
Dog,Cody James
Dog,Jake
Cat,Katie 
Dog,Gail
Cat,June Bug
Dog,Lucky
Dog,Darcy
cat,Neko
Cat,Maisy
Dog,Luke Anakin
Dog,Sadie
Dog,Hazel Nut
Cat,Mongoose
Cat,Flerf
Dog,Bourbon
Dog,Riley
Cat,Murphy
Dog,Mr. Nubs
Cat,Mackerel
cat,Regis
Cat,Laetynne Marah
Cat,Callie
Dog,Bentley
Cat,Crumb Bun
Dog,Fenway
Dog,Benelli 
Dog,Washington the Destroyer
Cat,Otto
Dog,Philomenos
Dog,Stampy Wiggles 
Dog,Jasmine 
Dog,Emma
Dog,Winston
Dog,Torchenay Be Cool
Cat,Petunia Marie
Dog,Brutus 
Cat,Louis
Cat,Lilah May
Dog,Lucu
Dog,Mosephine
Dog,Abegeweit
Dog,Kramer
Cat,Apollo
Dog,Rusty
Dog,Demi
Dog,Alfredog
Dog,Shorty Do-Op
Dog,Penny
Dog,Tuxedo
Dog,Sally
Dog,Lola
Cat,Noodle
Dog,Gustav
Dog,Poppy Sue Galushka Clementine
Dog,Duke
Dog,Millie
Cat,Bucky
Dog,Angus OgDog Dogga McDuff
Cat,Spot
Cat,Cookie
Dog,Lady
Dog,Maggie Peaches
Cat,Amelia
Dog,Camembert
Dog,Shadow
dog,archer
dog,robbie 
Cat,Noah
Cat,Lovey Cat
Dog,Roxy
dog,Ashton Sebastian
Dog,Maximum
Dog,Rosalind Pearl
Dog,Chyna
Dog,Sadie
Dog,Flynn
Cat,Felicity Louise
Cat,Mars
Dog,Loki
Cat,Millie 
Dog,Trixie
Dog,Birdy 
Cat,Charlotte Wallace
Cat,Thumper Dumper Bumble Butt
Dog,Vince
Dog,Cobert 
Dog,Jack Daniel
Dog,Crinkle
dog,Maisy Lynn Marie
Dog,Beemer
Cat,Michelin 
Dog,Mac
Dog,Maximillion Taxi 
Dog,Krypto
Cat,Piper
Dog,Bo Jangles
Cat,Slinkey
Dog,Brixton
Dog,Jasper
Cat,Tabitha
Dog,Shadow Montgomery
Cat,Ramona
Dog,Scout
Cat,Cocoa
Cat,Napoleon
Dog,Libby
Dog,Jasper Tucker Oaf
Cat,Clarissa Fluffnugget
Dog,Tazmanian Devik
Dog,Iggy Pup
Dog,Lilly
Dog,Monster Mayhem
Dog,Shine
Dog,Freeney Schnurpel
Dog,Bella Jean
Dog,Ratchet
Dog,Clifford
Dog,Goose
Dog,Magnus
Cat,Baby Kitty
Dog,Bootsie
Cat,Bowie
Dog,Mindy 
Dog,Spock
Dog,Merlin
dog,Sylvia Plath
Dog,Rufus Tee Hilderbrec
Dog,Baillie
Dog,Sebastian
Cat,Mika Joe
Dog,Tess
Dog,Zorro
Dog,Deacon 
Cat,Sir charles chickenhock chaplin the teleporting dot
Cat,Ally
Cat,Lucas Adam Wilkins
Dog,Robert Ferguson Mooney
Dog,James buchanan barnes
Dog,Buddy Boy
Cat,Cleo
Dog,Belle Watling
Dog,Magladon wagladon
Dog,Bella
Cat,Leah Suji Wilkins
Dog,Sophie
Cat,Mitsy
Dog,Stewart Little
Dog,Sadie
Dog,Ashley Wilkes
Dog,Oliver Jospeh Andrew
Dog,Rhett
Cat,Emma May Wilkins
Cat,Hashtag Anamara Mainecoon
Dog,Lily
Cat,Arthur Fonzarelli
Cat,Vriska Serket
Dog,Cookie
Dog,Brutus 
Dog,Kurt
Dog,Lyra Cristina
Dog,Bailey bear
Dog,Brooklyn
Cat,Isabelle
Dog,Champion Craig
Cat,Kelly
Dog,Lennox
Dog,Sullivan Otis
cat,oreo vanilla cookie 
Cat,Chessie 
Dog,Allie Nichols
Dog,Lila
Cat,Bubbles
Dog,Liberty Louise
Cat,Sushi Charrito
Cat,Mouse
Cat,Kate
Dog,Jimmy
dog,Rocky
Dog,Sheldon Michael 
Dog,Jackson
Cat,Midnight
Dog,Maxwell Amos
cat,angelina 
Dog,Margaret Lewis
Dog,ginger 
Dog,Gator
Dog,Badger
Dog,Beauregard
Dog,Buffy
dog,duque
Dog,Mika
Dog,Scarlett 
Dog,Macy
Dog,Gromit Walker
Cat,Ms. Kitty
Dog,Gracie Lou Freebush 
Dog,River
Dog,Olaf
Dog,Buttons
Dog,Mila
Dog,Murphy 
cat,tiger
Cat,Edna Lou
Cat,Princess Purdy 
Cat,Squidward 
Dog,Oscar the Amazing VelcroDog
Dog,Poppy
cat,daisy dukerson
Cat,Tigger
cat,bubbles
Cat,Prince Charlie 
Dog,Ellie Mae
Dog,Snowy
Dog,Bruno
Cat,Twitch
cat,harley davidson
Cat,Ted Kennedy 
Dog,Yaz
Dog,Princess Leia Organa
Dog,Oakley 
Dog,Tinkerbell 
Cat,Bella
Cat,Fup 
Dog,Beckett
Cat,Fudge
Cat,Lady Luck
Cat,Moose
Dog,Logan
Dog,Daisy Grace
Cat,Leela
Cat,Ellie
Cat,Her Royal Highness the Princess Blaze
Cat,Phillipe Robert Jean Luc Tugboat “Toot! Toot!”
Cat,Alexander DapperCat
Dog,Lila Betterhalf 
Cat,Darling
Cat,Smokey
Cat,Jezebel 
Dog,Tula Jean
Dog,Odin
Dog,Annie Piker
Dog,Rusty
Cat,Thomas 
Cat,Fleckchen
Dog,Stella Luna
Cat,Fay Fuller
Dog,Pancho Villa
Dog,Waldo
Cat,Luna
Dog,Yadier
Dog,Ruby Gem
Dog,BuddyGus
Dog,Homer 
Dog,Pippie
Dog,Parker
Dog,Chipper Doodle
Dog,Jack
Dog,Gabby
Dog,Rosebud
Dog,Cooper
Dog,Shakota
Dog,Wilbur
Dog,Finn T. Dog
Cat,Wilma 
Dog,Baylee
Dog,Sprocket
Cat,Peppercorn Ale
Cat,Stanley
Dog,Sophie 
Dog,Sasha
Dog,Kookie (pronounced cookie) Pants
Dog,Miss Maisy Cakes
Dog,Han Solo
Dog,Lillith Anne
Dog,Michelangelo
Dog,Freddie Beagle 
Dog,Pieper
Dog,Jacob
Dog,Titus Augustus
Dog,
Dog,Shelby
Dog,
Dog,Finn
Cat,Kitten Kitten Kittycat
Dog,Tessie Joan (of Arc)
Dog,Ginger
Dog,Sadie
Dog,Flicka
Dog,Koda Kingslayer
Dog,Flicka
Dog,Maggie
Dog,Henry (after Dorian Grey)
Dog,Megan
Cat,Dante’s InFURno
Cat,Gatsby
Cat,Tyrone
Dog,Hopper T. Dog
dog,Snickers
Cat,Tommy toe
Cat,Wheels
Dog,Venkman
Cat,Maisie 
Dog,Murphy
Dog,Maggie
Cat,Lin Meow Miranda
Dog,Jasmine
Dog,Hurley Pearly Sky-Sky
Dog,Queso
Dog,Breezy Anne
Dog,Riley
Dog,Homer J
Dog,Tucker 
Cat,Kitty Vegas
Dog,Abby
Dog,Shelby
Cat,Dr Gaius Baltar
Dog,Oakley Dalton
Dog,Lucy Lou 
Cat,Vasquez 
Dog,Niles Crane
Dog,Little Lucky One
Dog,Benjamin Sebastian
Dog,Siris Maximus
Dog,Blaze
Dog,Brody 
Cat,Ripley
Dog,Director of Chaos
Cat,Josh Joshua Joshylin
Cat,Lisa
Dog,Cody
Cat,Nepeta 
Dog,Emma 
Cat,Leeloo Dallas Multipass
Dog,Isabella Grace
Dog,Cookie Boogie
Dog,Salina
Dog,Theodore James
Dog,Ofelia
Dog,Hermie
Dog,Jackson Baines Hardin
Cat,Tali'zorah vas Normandy
Dog,Rudy
Dog,Chuchi
Dog,Belle Silver
Cat,Boots
Dog,Sarah Jessica Parker
Cat,Zeus
Dog,Mr Duke of Carol Stream
Cat,Persephone
Dog,Reggie
Cat,Momo
Dog,Twixie
Dog,Kody
Dog,Maverick Clinton 
Cat,Abbey Road
Cat,Naga
Dog,Sven
Dog,Lola
Dog,Sophie 
Cat,Stinky Pete
Cat,Gozer
Dog,Lily Potter
Dog,Dougie McFly
Dog,RileyRoo
Dog,Dobby
Cat,Sir Edward Julius Robert Kittybutt III
Dog,Lando
Dog,Tucker Paul
Dog,Schnitzel Von Krumm
Dog,Wrigley
Dog,Wally
Dog,Charlie
Dog,Pepper
Dog,Brownie
Cat,Maow
Dog,Echo
Dog,Banky
Dog,Koda
Dog,Clifford
Dog,Mojo
Dog,Hank
Dog,Sebastian 
Cat,Bebop Vincent
Cat,Maja
Dog,Hank
Dog,Ella
Dog,Frappuccino
Dog,Gracie
Dog,Phoebe
Dog,Uma Strawn McGuire
Dog,Buster
Cat,Sketchy Missouri
Dog,Eva Marie
Dog,Mia Hamm
Cat,Charlie
Cat,Zoey
dog,lexie
Dog,Bernard
Cat,Jenna Nicole Rhea Lopez Horn
dog,Myles - his roman name is Squirtacus Mylonius
Dog,Millie
Dog,Bodhi
Dog,Mooch
Dog,Piper
Cat,Ramona
Dog,Charles
Dog,Willow
Dog,Glamis Schedule K1
Dog,Bandit Raye
cat,Cleo
Cat,Sebastian Ninja Nutjob
Dog,Anderson
Dog,Mars Harambe
Dog,Claudio Atlas Wolfric
Dog,Lawson H Dog
Cat,Smudge the Second
Cat,Echo
Dog,Ames
Dog,Franc
Cat,Winnie
Cat,Tiggy
Dog,Oliver Jackson 
Dog,Dolly Doodle Dogger
Cat,Ann Perkins 
Dog,Cassie
Cat,Kisa Marie
Dog,Logan
Dog,Basil
Dog,Marble
Dog,Hollie
Dog,Cash Money
Dog,Seamus
Cat,William Robert
Dog,Nash
Cat,Spoons
Cat,Arizona
Dog,Sian Ben Ryan
Dog,Bear 2
Cat,Banjo
Cat,Princess Melanie
Cat,Tiffany Marie
Dog,Charles Barrath McIntyre
Dog,Margeurite Larioux Gonzales
Dog,Rusty
Dog,Starfire
Dog,Nova
Dog,Dinty
Cat,Hamilton
Dog,Kadie Jo
Cat,Incandenza
Cat,Fitzgerald
Cat,Zelda
Dog,Sunny Sunday Sky
Dog,Bailey
Dog,Bosco Spaghettio
Cat,Agnes Marie
Dog,Tansei
Cat,Edith
Cat,Mini
cat,Theodore 
Dog,Molly
dog,Duke Dukington
Cat,Oliver Newton
Dog,Prince Phillip the 2nd
Cat,Starla
Dog,Petey
Dog,President Nixon 
Dog,Benry of Willowbrook
Dog,Qoda
Dog,Ziggy Starsog
Dog,Samuel Labrador
Dog,Bentley Boy
Dog,Taco Belle 
Dog,Pluto
Dog,Toby
Dog,Harlee 
Dog,Nessa
Dog,Biscuit Bandit 
cat,Sophie
Dog,Skipper Doo
Dog,Sam Ruffalo
Dog,Rossignol
Dog,Pepper
Dog,Amaya
Cat,Eloise 
Cat,Olive
Cat,Kiki Buntain
Dog,Tiger 
Dog,Bonnie
Dog,abby
Dog,Cooper
Dog,Chase
Dog,Riley Jenkins
Dog,Montgomery T Dog 
Dog,Nana Roo
Cat,Ella Grey
Dog,Callie 
Dog,Rocco Norbert
Dog,Jack
Dog,Ted
Dog,Jaida Lynn
Dog,Daisy Lulu
Cat,Phillip
Cat,Sunni
Cat,Nymeria
Cat,Scarlett
Cat,Ink
Cat,Drew
Dog,Titus 
Cat,Midna
Dog,Cookie Asparagus 
Dog,Tessa Leigh
Dog,Ali
Dog,Daisy
Dog,Lucky 
Cat,Rex
Dog,Harper Jean
Cat,Maverick
Cat,Tina Fay
Cat,Sophie
Dog,Mica
Cat,Patches
Cat,Asch
Dog,Sylvester Balboa
Dog,Mia Roo 
Dog,Casper Tiberus
Dog,Chummy
Dog,Luna Bean 
Cat,Gabby Comacho
Dog,Sofie Tooter Scooter 
Dog,Mojo
Dog,Grace 
Cat,Misha 
Dog,Frankie
Dog,Osa
Dog,Dixie
Cat,Barnabas 
Dog,Nina
Cat,Bitsy
Dog,Rachel
Dog,Piper
Dog,Bella
Dog,Queen Khaleesi
Cat,Pumpkin
Dog,Bridget 
Dog,Mama Rose
Dog,Augustus
Cat,Sunshine
Dog,Tater
Cat,Millicent 
Dog,Beverly Ann
dog,Cora Smalls
Dog,Jasper
Cat,Dust
Dog,Caleb
Dog,Tonka
Cat,Ash
Cat,Blossom 
Cat,Violet 
Cat,Thor 
Dog,Hank 
Dog,Brandy
Cat,Lily 
Dog,Sir Squeaksalot the Second
Cat,Buddy
Dog,Colby Jack
Dog,Cooper
Dog,Murphy 
dog,phineas
Dog,Peach
dog,moose alexander
cat,eliza goose
Cat,Chichi
cat,isabella
Dog,Ruby
Dog,Ruby
Dog,Min Ottende Bold
Dog,Min fine Nimina Beana
Dog,Lucy 
cat,Belvedere
cat,heaven
dog,lucy lu
Dog,Katniss Underfoot
Dog,Sadie
Dog,Coco  Chanel mademoiselle 
Dog,Maggie
Dog,Gunner baker
Cat,Ashley Williams
Dog,April in Paris 
Cat,Mister
Cat,Goku
Cat,Fuzzball
Dog,Felix
Cat,Benjamin
Dog,Woodruff
Cat,Tibby
Dog,Kitty take your gloves off
Cat,Honey
Dog,Mulligan
Dog,Loki
Dog,Okemo
Dog,Beau 
Cat,Lucy 
Dog,Zack attack
Dog,Kendall
Dog,Bailey
Dog,Ranger
Dog,Dan
Dog,Sir Maximillion of Binghamton
Dog,Freya
Dog,Jackson
Dog,Kurama
Dog,Luchik
dog,Pippi Hyde
Cat,Scarlet
Dog,Pearly
Cat,Sebastian
Dog,Walter
Cat,Reeses Pieces
Dog,Buddy of Bailey's Irish Cream
Dog,Belle
Cat,Sushi Roll
Dog,Zoe Marie
Dog,Wilson
Cat,Mochi
Dog,Reesie 
Cat,Sasuke
Cat,Sasuke
Dog,Bocephus Ray
Dog,Gunner
Dog,Stella
Dog,Bailey's Irish Cream
Cat,Abigail
Dog,Poppy
Dog,Nina
Cat,Boris
Cat,Smoochey 
Cat,Toast Malone
Cat,Hex
Cat,Smudge of Grey
Dog,Charlotte
Dog,Ms. Cuddles
Dog,Wayne Rooney
Dog,Snack
Cat,Skipper
Cat,Nacho Bell Grande
Dog,Hazel
Dog,Luna Calamity Barnes
Dog,Hiro Barnes
Dog,Ramsey
Dog,Stella Diane
Dog,Trigger 
Cat,Noodle
Dog,Héloïse
Dog,Scout McGee
Dog,Milo
Dog,Kolbie
Dog,Rhyannon's Princess Nikita
Cat,Scram
Cat,Darwin
Cat,Leo
Cat,Kanga
Cat,Bugaloo Bonzai
Dog,Malcolm P. Dog
Dog,Maxwell T. Bone
Cat,Patches
Dog,Indy
Dog,Cody Fluffball
Dog,Fudge
Dog,Mia
Cat,Louie
Cat,Mitzi Junebug Kandinsky
Cat,Bernie
Dog,Bel
Dog,Artie
Cat,Hazel 
Dog,Blue
Dog,Wally
Dog,Copper
Cat,Sir Jonathan Pooh Cat
Dog,Juliet
Cat,Scout
Dog,Dasher
Dog,Grace
Dog,Ruby
Dog,Levi
Dog,Elle Loki Bean
Dog,Dorthea Dix
Dog,Layla Bo Peep
Dog,Rocky 
Dog,Tillith
Dog,Rollo
Dog,Nisku
cat,Cat
cat,peaches
Dog,Sadie Jo
dog,lady
Dog,Sammy Q
Cat,Cookie
Cat,Pepper
cat,ipod
cat,hank the cowcat
Dog,Oliver Phish
dog,Cleopatra 
Dog,Birdie
Dog,Murphy
Dog,Ryder
Dog,Talani Snowmageddon 
Dog,Winnie the Blue
Dog,Scarlett
Dog,Gus
Dog,Dixie Marie
Dog,Heidi
Dog,Phin
Dog,Jager
Dog,Brown Bear
Dog,Lucy
Dog,Kahlua 
Cat,Epinephrine
Dog,Baylei
Dog,Baylei
Cat,That Cat
Dog,Rocky
Dog,Abigail
Dog,Kira 
Dog,Sammy
Dog,Piper Marie
Dog,Charlene 
Dog,Thor Mighty God of Thunder
Dog,Cody Anne
Cat,Caesar 
Dog,Tessa
Cat,Theia
Cat,Minerva Mcgonagall 
Dog,Lily
Dog,Butters
Dog,Marigold
Dog,Prince Romeo
Cat,Teacher’s Pet
Cat,Wimpy
Cat,Lucy
Dog,Lucky
Dog,Ares
Cat,Skylar 
Dog,Rogue
Cat,Sweety
Cat,Benny
Dog,Ace
Dog,Ava
Dog,Winnifred
Dog,Mika 
Dog,Charlie Elizabeth Begonias 
Dog,Jack Ass
Cat,Bean
cat,Skipps
Cat,Carly Q Cat
Dog,Dan
Dog,Koko
Dog,Archibald
Dog,Sassie
Dog,Zoe
Dog,Bobo
Cat,Sofi
Dog,Isiah Thomas
dog,Sir Pete the Pup
Dog,Roux Stir
Dog,Lucy Scramble 
Dog,Junebug 
Dog,Crinkle
Dog,Smokey
Dog,Daisy May
Dog,Crimson
Dog,Tide
Dog,Sophie
Dog,Sir Nigel Petrie of the Poofybottom Clan
Dog,Tobi
Dog,Bruin 
Dog,Lucinda Jean
Dog,Dave
Dog,Harper Valley
Cat,calleigh Marie 
Dog,Buster Brown
Dog,Leila 
Dog,Trixie
Dog,Archer
Dog,Josie Pancakes Fluffybottom
Cat,Tiger Jack
Cat,William Orange
Dog,Zeus
Dog,Shooter
Dog,Ellie
Dog,Macie
Dog,Maddie
Cat,Motown
Dog,Squirt
Dog,Samantha Marie
Dog,Quincy
Dog,Cajun 
Dog,Duke
Dog,Daisy
Dog,Nico
Dog,Kobi
Dog,Maila 
Dog,Phineas
Dog,Perry
Dog,Call it a night Sir Dudley
Dog,Madison Brooke
Cat,Pandors
Dog,Like Francis
Cat,Bo Bo
Cat,Zooey
Cat,Mollie 
Cat,JJ
Cat,Jenson Button. (Last name pronounced Boo Tawn)
Dog,Pilikia
Dog,Mia Pieper
Cat,Nova Blake
Dog,Pepper Potts
Dog,Scruffy
Cat,Nikolai Maranov
Cat,Django
Dog,Princess Jessi
Dog,Mowgli
Dog,Wille
Dog,Otto
Cat,Momma Martha
Dog,Optimus
Dog,Memphis Mumford 
Cat,Antoine
Dog,Louie
Cat,Hunter Pounce
Dog,Anna
Dog,Chester 
Dog,Zeus Theodore
Dog,Ripley
Dog,Beau
Dog,Lucy
Dog,Penelope 
Dog,Callie
Dog,Jake
Dog,Willie
dog,package
Cat,Algernon 
cat,jiblit
Dog,Luna
Dog,Delilah
Cat,Celie
Cat,Sophie
Cat,Oliver Wendell Holmes
Dog,Josephine 
Dog,Russell D.
Dog,Excalibur Insubordinate O’Mallie IX 
Dog,Darth Vada Mae
Cat,Felix
Dog,Butterscotch
Dog,Emma Jean Jelly Bean
Cat,Binky
Cat,Sox
Dog,Rigby
Dog,Sir Scribbles Of the Shire
Cat,Herbert Fitzgerald
Cat,Gary
Cat,Cassandra
Cat,Moose
Dog,Tele
Dog,Maggie
Cat,Daniel
Cat,Kitty
Dog,Daisy Mae
dog,Bug
Dog,Rayven
dog,puppy girl
dog,beyoncé 
Dog,Pippa Mad
Dog,Tails Balboa
Dog,Tara Balboa
Dog,Mia
Dog,Slainte
Cat,Persephone
Cat,Piper
Cat,Belle
Cat,Nyx
Dog,Clyde Frog the Dog
Cat,Baby Tiger
Cat,Havoc
Dog,Asher
Dog,Miley
Cat,Tux
Dog,Suzie
Dog,Joshua
Dog,Kona Kai
Cat,Simba
Dog,Charlie
cat,Duncan
Dog,Lucky
Dog,Lily Ann 
Dog,Robbie
Dog,Chance 
Cat,Mir Hector
Cat,Clover
Cat,Lacerta Grace
Dog,McGregor
Cat,Mosephus
Dog,Maggie
Dog,Boo Radley Beauregard 
Cat,Pictor James
Cat,Yellowie
Cat,Sylvio
Dog,Jean Louise
Cat,Cooper Kent DeGroat
Dog,Java Joe
Dog,Heidi hoho
Dog,Finlay Heisenberg 
Dog,Nala Belle
Cat,Lila
Dog,Matelin Paco Junior
Cat,Applesauce 
Dog,Eddie 
Dog,Sir Thompson Squigglebutt
Dog,Miss Kasey Bubbles 
Dog,Angel 
Dog,Loosie
Dog,Sophie 
Dog,Douglas
Cat,Menke
Dog,Jasper
Dog,Rupert
Dog,Spencer
Dog,Sir Clyde Bootsie Sideeye
Dog,Daisy Mae
Dog,Teddy Bear
Dog,Edward Gene 
Dog,Peaches Monroe
Dog,Sir Nicholas
Dog,Eowyn
Dog,Jayden
Dog,Joey
Dog,Walker Texas Ranger 
Dog,Mike Mussina 
Cat,Azuca
Cat,Lady Bluebelle
Dog,Demon Deacon
Dog,Jacky
Dog,Gigi
Dog,Liontamer’s Nelson M Mandela 
Dog,Toby
Dog,Sugar
Cat,Rey
Dog,Mackley
cat,Gordon BaNarNar
Dog,Sugar
Dog,Minnie
Dog,Meeko letang
Dog,Oddjob
Cat,River
Dog,Charleston Wesley
Dog,Shelby
Dog,Barracuda 
Dog,Daisy 
Dog,Moose Van Haus Huenink
Dog,Princess Bella Marie
Dog,Geno Stoneycreek Pugh
Cat,Axel daxel
Cat,Babe Ruthy
Dog,Sadie Mae
Dog,Ruby Sue
Dog,Zoey
Dog,Apollo
Dog,Petey
Cat,Scuto
Dog,Sadie Blue
Dog,Mira
Dog,Ginger
cat,Cookie Dough
Dog,Hairy Potter
Dog,Cricket
Dog,Xenia Marie
Dog,Daisy Mae
Dog,Skylar
Dog,Maybus Dogstoevsky
Dog,Kahlua 
Cat,Foster
Cat,Reese
Dog,Maggie pie thatcher
Dog,Ashildr
Dog,Elsa
Dog,Belle
Cat,Mufasa
Dog,Zeus
Dog,Molly
Cat,Valerie Spaceship Pizza Party
Cat,Peanut
Cat,Jupiter
Dog,Chip
Dog,Chewustuffer Asshole
Dog,Sailor Moon
Dog,Navigator’s Sipsey River PrinceS
Dog,Buddy
Dog,Brown Butter Biscuit
Dog,Millie
Dog,Jonah
Dog,Diggs
Dog,Herman
Cat,Isis
Dog,Datsyuk
Dog,Nightwing 
Dog,Isabella
Dog,Princess Buttercup
Dog,Sir Jake of Zoar
Cat,Michael Theodore Wazowski
dog,scout
Dog,Aluxe
dog,brownie
Cat,Catsby
Dog,Shelby May
Dog,Mr. Henry Midas Darcy
Cat,Hermes
Dog,Annie Reese
Dog,Blackjack
Cat,Dolly Madison 
Cat,Franklin Roosevelt 
Cat,Abby
Dog,Jaden
dog,Sophie
Cat,Elizabeth Bennet
Cat,Amadeus
Dog,Petey
Dog,Jack
Dog,Bella
Dog,Starsky Buford
Dog,Quito
Dog,Wiggins
Dog,Bella
Dog,Maple
Dog,Sara
Dog,Clementine
Dog,Ali May
Dog,Aspen
Dog,Amber
Dog,Coquine
Dog,Medley May 
Dog,Maggie 
Dog,Finn Jethro
Dog,Tallulah Lilac
Dog,Bear
Cat,Fuji
Dog,Emily
Dog,Winifred Yankeestaff Arnone
Dog,Bella
Dog,Mocha Latte
Dog,Bentley Rockstaff Jardine Arnone
Cat,Lili
Dog,Freddie Mercury
Dog,Einstein Pancake
Cat,Kit Marlowe
Dog,Sir Eggs Benedict
Dog,Bandit 
Cat,Beauregard Montgomery Cat
Dog,Mac
Dog,Shepherd E Stoltzfus
Dog,Cinnamon
Dog,Rocky Ciroc
Cat,Cloudy
Cat,Sunny
Dog,Jack
Dog,Baldrick of Blackadder Bob
Dog,Danny
Dog,Troy
Dog,Lavender
Dog,Buddy
Dog,Chase
Dog,Ice
Dog,Dolly
Dog,Geoffrey
Dog,Holly 
dog,coco pollybird
Dog,Tim
Dog,Magui Josefina Primera Mercado
Dog,Scooby
Dog,Balto José
Dog,Xena Badass McAwesome Princess Flufflepuffs of the Ashen Fields of Mordor
Dog,Wilbur
Dog,Rowena Ravenclaw
Dog,Magnificent
Dog,Nova
Cat,Jasper 
Dog,Maisie taters 
Dog,Guinness 
Dog,Johnny Bee
Cat,Emma
Dog,Mayflower
Cat,Benjamin 
Dog,Roscoe
Cat,Pitted bear 
Cat,Lily 
Cat,Maggie
Cat,Tom
Cat,Gerri
Dog,Ashley
Dog,Janis
Dog,Leonardo
Cat,Tyler
Cat,Kiki
Dog,Charlie
Cat,Oreo
Cat,Ichi
Dog,Mango
Dog,Rufus
Dog,Daisy
Dog,Lily
Dog,Bertie
Dog,Max
Dog,Molly
Dog,Poppy
Dog,daisy
Cat,Nica-Nu
Cat,Meredith
Dog,Koda
Dog,Elwood
Dog,Jake
Cat,Blizzard
Cat,Hemingway
Cat,George
Dog,Miles 
Cat,Sherbert
Cat,Liesje
Dog,Indiana 
Cat,Diego Maradona
Cat,Paco 
Dog,Harley
Dog,Buster
Dog,Alfie
Dog,Mila
Dog,Bella Nina; Thomas James; Archie
Dog,Briggs
Dog,Mya (The Dog)
Cat,Dee Dee 
Dog,Neela
Dog,Hank
Dog,Button
Dog,Missy Princess
Dog,Prince
Dog,Samuel
Cat,Wolfe
Cat,Muppet
Dog,Precious Fudge
Dog,Heath M&M
Dog,Mosley
Dog,Peter
Cat,Miss Lucy
Cat,Miss Molly
Cat,Luna
Dog,Sammy 
Dog,Theodore Barkalot
Dog,d'Artagnan
Cat,Fire
Cat,Ash
Cat,Kami
Cat,Kit Kat
Dog,Celsius Pele Amadeus Cartier
Dog,Lando Calrisian
Dog,Obi-Wan
Dog,Titus Sirius Icarus Cartier
Dog,Samuel T Dogg
Cat,Puka Shell
Cat,Lily Pad
Dog,Oreo Ann
Dog,Oliver
Dog,Stamford
Dog,Bentley
Dog,Lulu
Dog,Ella
Dog,Roxy
Cat,Andrew Angela
Cat,Cricket
Dog,Desmond
Cat,Tallulah May 
Dog,Stella 
Cat,Snowflake 
Dog,Sheena 
Cat,Rico
Cat,Sirius Black 
Cat,Bellatrix Lestrange
Dog,Perry the Poodle
Dog,Cody the Corgi
Cat,Princess Penelope Pineapple Pizza
cat,Mel
Dog,Ginevra Molly
Cat,Mel de Melissa Duarte Brandizzi
Cat,Mila Vilela Brandizzi
Cat,Sushi
Dog,Riley 
Dog,Cleopatra
Dog,Coco
Dog,Captain
Dog,Buddy
Dog,Magnolia Mae
Dog,Sam
dog,Zoey
Cat,Sammy
Cat,Tika
Cat,Prince William
Dog,Chip
Cat,Zoey
Cat,Stella Lou
Dog,Snickers
Dog,Max 
Dog,Leeloo
dog,Owen
Dog,Daisy May
Cat,Maria 
Dog,Sunshine
Cat,Penelope 
Dog,Freskin
Dog,Philippa
Dog,Lillie (Lilian now that she’s older)
Cat,Callie
Dog,Toby
Cat,Mackintosh
Dog,Alice
Dog,DeeDee
Dog,Oliver
Dog,Reuben
Dog,Toby
Cat,Shaka
Cat,Zia
Dog,Buddy
Dog,Bella Sitka LASTNAME
Dog,Monty
Dog,Luna Lastname
Dog,Echo Last Name
Dog,Nuffin
Cat,Tauriel
Cat,Garbanzo
Dog,Charlie Brown
Dog,Bixby Lucas
Cat,Luna Linetti
Dog,Taco
dog,Belle
Dog,Jimmy
Cat,Buddha
Dog,Miles
Dog,Eleanor Rose
Cat,Charlotte May
Dog,Cooper Jay Nigel Winston
Dog,Buddy Augusto
Dog,Dash
Cat,Calvin Coolidge Cat
Cat,Gracie Coolidge Cat
Dog,Opie
Dog,Georgia 
Cat,Emile
Cat,Malcolm
Dog,Dino
Cat,Molly
Cat,Bruce Springsteen
Dog,Penny
Cat,Raven
Cat,Clarabelle
Dog,Alex’s Fiesty Girl Bailey Balogh
Dog,Rey
Dog,Uwe
Dog,Millie Betty
Dog,Henry
Dog,Daisy May
Dog,Chamomile June
Dog,Chapman
Dog,Tucker
Dog,Chappelle
Cat,Wilhelmina Rae
Cat,Frances Louise
Cat,Victoria Susan
Cat,Ossana Mae
Dog,Bella
Dog,Toby Wan Kenobi
Dog,Beaucoup du Chien
Dog,Pumpkin
Dog,Poquit
Cat,Orange Laurie
Cat,Sunset
Dog,Rosie
Cat,Matilda
Dog,Murphy
Dog,Giacomo Science
Dog,Trogdor Jealous
cat,Idalou
Dog,Professor Tuxedo
Dog,Bodie
Dog,Zoey
Cat,Eddy Jefferson
Dog,Joel Carlos
Dog,Lola
Cat,Margot Mae
dog,Rufus
cat,Chester
Dog,Zoey Deschanel
Dog,Captain Goose
Dog,Mr Doctor Professor Constable Detective Brick
Dog,Ellie Sattler
cat,Lily
Dog,Juke
Dog,Blue
Dog,Kiefer Bartholomew 
Dog,Jackson
Cat,Marzipan
Cat,Sunny
Dog,Minnie
Dog,Dixie
Dog,Rosa Barks
Dog,Charlie
Dog,Jack Dog
Cat,Minerva
Dog,Timon
Dog,Leila Fowler-Martinez
Dog,Tubu
Cat,Venus
Dog,Goodness Gracious
Dog,Monkey
Cat,Jynx 
Dog,Rosie
Cat,Wendy
Dog,Scirocco Augustus
Dog,Heavy Duty Puppy
Cat,Jack
Dog,Siena Rosa
Dog,Ghia Lynn
Dog,Delilah
Cat,Bailey’s Irish Cream
Dog,Treacle
Dog,Sam
Dog,Tyson
Cat,Madison Square Garden
Cat,Garfield
Dog,Parker
Dog,Captain Avro Clarence
Dog,Carlene
dog,Linda
Cat,Stellabella
Dog,Toby Wooferton
Dog,Sacha
Dog,Snickers
Cat,Echo
Cat,Tiga
Dog,Sherlock Bones
Dog,Irene Adler
Cat,Bloo
Dog,Wallace
Dog,Dude
Cat,Mitten
Dog,Bailey
Dog,Willow
Dog,Philistine Smoosh
Cat,Kitty Cat
Cat,Elvis
Dog,Henry Nacho 
Dog,Maximilian Kolby
Dog,Argos
Dog,Madeline Grace 
Dog,Elvis
Dog,Coconut Butter
Dog,Lucy-fur
Dog,Sophie Grace
Dog,Prince
Dog,Jackson Buttsickle
Dog,Lassie
Dog,Charles Xavier II
Cat,GingerSnapz C. Cat
Dog,Caroline
Cat,Shadow
Cat,Murray 2
Dog,Beau
Dog,Lindon
Cat,Marilyn
Dog,Tedward
Dog,Zuzu
Dog,Marcus Brutus
Cat,Charlie Chaplin 
Cat,Molly Tigerlily
Cat,Britannia
Dog,Brownie Leigh
Dog,Jersey Girl
dog,Stella
Dog,Lizzie
cat,Marby
Dog,Roxy
Dog,Coco Murfree
Dog,Ozzy
Dog,Winston Pigaloo
Dog,Noodle 
Dog,Phantom
Dog,Ellen Park
Cat,Meredith
Cat,Brennan Zachary
Dog,Spud
Dog,FN 2187
Cat,Frank En Stein  
Dog,Pisco
Dog,Sadie
Dog,Lola
Dog,Ernie
Cat,Melon
Dog,Semaj
Dog,Maya
Dog,Bijou
Dog,Pesto
Dog,Maggie 
Cat,Doctor snuggles von fluffybottom
Dog,Toby
Dog,Jacob Marley
cat,dixie
Dog,Cujo
Cat,Finn
Dog,Maizie
Dog,Bruce D4
Dog,Jackie Kate
Dog,Daisy Bear
Dog,Tinker Stinker
Cat,Vinnie
Dog,Mile High Ice Storm
Dog,Breezy Bear
dog,Nara
Dog,Rosie
Dog,Lilly
Dog,Charles
Dog,Pippa
Dog,Oliver
Dog,Kiku
Dog,Brandy
Dog,Bobby
Dog,Emma
Dog,Bessy 
Cat,Romanovski 
Cat,Fifi La Pou
Cat,Georgie Porgie
Dog,Dakota
Cat,Milo
Cat,Jameson Chewbacca 
Dog,Penny Bellew
Cat,Cat Jenkins
Cat,Crouton
dog,Morena
Cat,Samus Aran
Dog,Brownie
Dog,Mose Schrute
Dog,Rocky
Cat,Rosalind Franklin 
Cat,Harley quinn
Cat,Mister Beans
Dog,Tyler John (had to give him a middle name for when he was in trouble)
Cat,Adanac
Cat,Callister
dog,Tux
Dog,Ruby 
dog,Pooch-K
Dog,Scooby
Cat,Dwayne
Cat,Alice
Dog,Lloyd 
Cat,Bo Schembeckler
Dog,Ishka
Dog,Millie 
Dog,Rossa
Dog,Wookie
Dog,Tucker
Dog,Keifer
Dog,Frankie
Cat,Tenzing
Dog,Sammy
Dog,Barrett
Dog,Benjamin
Dog,Laney
Dog,Dixie
Dog,Diesel
Dog,Baxter
Dog,Riley Marie
Dog,Reginald Fonzerelli Hawkes
Cat,Molly
Cat,Kevin
Dog,Erik
Dog,Oliver
Dog,Bilbo Spud Doggins
Dog,Bailey Woofer
Cat,Roy lee laramie 
Cat,Petunia
Dog,Malibu like the rum 
Dog,Golden Tate 
Dog,Bear
Dog,Stanley
Cat,Coco
Dog,Andromeda Mae
Dog,Eloise Gertrude
Dog,Lady Bonnie of Coventry
Cat,Ophelia Marie KitKat Mcdougle O’Malley Jr. 
Cat,Sie Isaac Newton 
Cat,Black Cat
Dog,Gibson
Dog,Brewskie
Cat,Wolfgang Motzart
Dog,Koli
Dog,Moxie Jean Narice
Dog,Dancer Pants
Cat,Kitty or The Cat (if she's being bad) 
,
